register,stock,PGDP,autobus,taxi,passenger_volume,POP,Built_area,wage_average,P_road_area,P_baidu_index,baidu_index,province,year,scale,DMSP_mean,DMSP_sum
0.020105401000000002,0.23609170100000001,86246,108519.9949,334400.9422,65.18726047,0.641195217,6176.628153000001,75834.61,7.59,817.8638416,163.0,北京市,2011,1,16.5317088,271368
0.028693269,0.24064315600000002,92758,107976.4027,324943.3457,64.52109318,0.632617098,6148.209328,85306.0,7.53,687.4682912000001,141.0,北京市,2012,1,17.62808407,289365
0.028041842,0.246066808,100569,112262.5386,319038.4097,24.97308532,0.6263613920000001,6214.6013649999995,93997.0,7.72,956.4585561000001,201.0,北京市,2013,1,17.86969235,293331
0.023431133,0.247127923,106732,110181.7257,314460.4236,24.3734063,0.620764411,6452.523423,103400.0,7.93,2420.860159,520.0,北京市,2014,1,18.80572647,308696
0.024936984,0.244923853,113692,106845.9147,313302.1186,22.909448899999997,0.61720756,6428.098357,113073.0,7.46,4138.575816,902.0,北京市,2015,1,19.13341456,314075
0.02616923,0.24980093,123391,103527.0257,312497.5683,21.92100809,0.6219470029999999,6479.565256,122749.0,7.62,3860.3607090000005,846.0,北京市,2016,1,19.80097472,325033
0.028525808,0.25659556699999997,136172,116764.4255,312070.5166,20.47843148,0.61927433,6589.188234,134994.0,7.44,4875.81702,1070.0,北京市,2017,1,21.94846177,360284
0.024974895,0.261759882,150962,103739.0654,319356.723,20.32692888,0.627450347,6698.579653,149843.0,7.57,5148.19362,1129.0,北京市,2018,1,21.82272312,358220
0.026595177999999997,0.269429648,161776,108101.3895,326412.7959,21.97673635,0.637608787,6704.705136,173205.0,7.68,2939.298916,644.0,北京市,2019,1,24.20085288,397257
0.024757441,0.144529519,61458,58226.956920000004,241968.3846,16.70672757,0.7548443909999999,5386.334422,55636.33,12.85,522.7244376,69.0,天津市,2011,1,20.86626416,252294
0.025193047000000003,0.16264778300000002,66517,61426.901139999994,233217.7377,18.00879919,0.7305615879999999,5310.767887,65398.0,14.29,485.4718567,66.0,天津市,2012,1,21.776528,263300
0.030251359,0.187648814,71345,69369.37177,229126.9632,17.91982323,0.72023629,5279.819815999999,68864.0,15.14,760.4088322,106.0,天津市,2013,1,23.32735092,282051
0.01658326,0.19312383100000002,74960,78647.20411,210636.9942,10.23597166,0.716236227,5199.000056,73839.0,15.78,1613.239855,229.0,天津市,2014,1,28.02812009,338888
0.015767043,0.190808421,75868,81024.89011000001,222733.0227,9.915594393,0.7161068909999999,6066.929546,81486.0,13.65,1882.8402039999999,270.0,天津市,2015,1,28.20618642,341041
0.021096337000000003,0.18992949,79647,88125.78442000001,221650.3311,9.535683153999999,0.7244926290000001,6995.1012439999995,87806.0,15.39,2081.8753699999997,300.0,天津市,2016,1,27.73186668,335306
0.020427443,0.20167368,87280,88930.17847,223902.7195,8.789268307999999,0.736060913,7626.993076999999,96965.0,17.41,2600.748558,371.0,天津市,2017,1,32.3754859,391452
0.019570455,0.213857171,95689,98912.07425,228715.8222,8.778419737,0.77479812,7719.338018,103931.0,11.67,3021.855885,422.0,天津市,2018,1,32.24530643,389878
0.017969639,0.223179013,101557,92095.30234,229587.9673,8.819357134,0.8005773970000001,8316.467362000001,111602.0,12.98,1871.3857920000003,259.0,天津市,2019,1,34.33264412,415116
0.015484311,0.08417869800000001,29647,19741.83786,89040.67964,12.73473315,1.018257378,1688.5925920000002,35992.46,15.41,119.22739150000001,86.0,河北省,2011,1,5.395792444,1017204
0.016769586,0.100525067,31844,20159.9324,51376.7805,13.41484126,1.0233959940000001,1735.8791899999999,39542.0,15.35,120.0488788,87.0,河北省,2012,1,5.731967238999999,1080579
0.019040248,0.11220303,33346,27731.51866,87679.70816000001,12.90852366,1.020547378,1762.171347,42532.0,16.34,175.9422249,128.0,河北省,2013,1,5.902263975,1112683
0.021113017999999997,0.12731325300000002,34507,27078.431589999997,88798.14657000001,7.001626608,1.0393206320000001,1857.5185350000002,46239.0,14.34,349.05469889999995,255.0,河北省,2014,1,6.223761126,1173291
0.022312178999999998,0.146579451,35994,31397.123989999996,75176.11636,5.9397790089999996,1.043184341,2028.875689,52409.0,13.45,509.9459058,374.0,河北省,2015,1,6.086076661,1147335
0.025026051,0.169280126,38688,29183.698589999996,72057.74342,5.424643447999999,1.059394872,2793.504553,56987.0,18.91,538.0485424,396.0,河北省,2016,1,5.757328212999999,1085360
0.024501988,0.187662338,41451,33154.52299,72876.9099,5.207484119,1.066925781,2867.9447010000004,65266.0,18.88,837.3857406000001,619.0,河北省,2017,1,8.733717735,1646463
0.022465778999999998,0.206266161,43808,32372.077080000003,72804.81754,4.7364991839999995,1.075357953,2916.075409,71633.0,19.76,1123.019332,833.0,河北省,2018,1,8.668461367,1634161
0.020883314,0.221587692,47036,30060.945260000004,72741.97424,4.2652790110000005,1.084664377,2934.152653,75775.0,19.95,603.7738502999999,449.0,河北省,2019,1,9.889071601,1864268
0.014470466000000001,0.082772858,30534,18618.49776,70993.00742000001,9.210873256000001,0.9863067209999999,2214.152225,39816.93,9.02,201.7961522,72.0,山西省,2011,1,3.8943554610000004,610522
0.015924122,0.092813353,32864,20804.5933,74647.30833,9.498776455,0.9897371759999999,2317.872482,44943.0,9.85,233.47501949999997,83.0,山西省,2012,1,4.394224697,688887
0.016676646,0.10681129,33848,22499.07101,74299.45475,9.675617058,1.003930686,2377.537373,47417.0,10.54,285.1915376,101.0,山西省,2013,1,4.406229468,690769
0.01654252,0.12016404900000001,34248,24321.07221,73008.52307000001,8.385941942,1.009059737,2477.6968420000003,49984.0,11.25,518.1925968,183.0,山西省,2014,1,4.417130719,692478
0.017096772,0.133098824,33593,21070.12538,75709.41063,6.267964964,0.9927764000000001,2554.298604,52960.0,12.37,658.441418,232.0,山西省,2015,1,4.166637962,653208
0.019667042,0.149689623,33972,25294.72812,87273.21033999999,5.318291234,1.056296898,3293.006764,54975.0,14.77,730.8313802,257.0,山西省,2016,1,3.560939204,558252
0.020982187000000003,0.16855795,41242,26343.76421,86821.66649,4.93532712,1.0705323820000001,3354.1887420000003,61547.0,15.92,1022.2018320000001,359.0,山西省,2017,1,5.207933865,816453
0.018964822,0.186011565,45517,29118.94605,86957.51869,4.483501939,1.085282673,3365.692658,67669.0,16.81,1123.799074,394.0,山西省,2018,1,5.385141385,844234
0.018254172,0.203044807,48469,32433.44673,89756.34905,4.003458931,1.100218961,3494.8110439999996,72207.0,17.22,860.129292,301.0,山西省,2019,1,6.235483603,977543
0.018761436,0.094353511,38276,20691.80787,111941.3451,8.058595151,0.887202237,3193.00536,41442.32,14.74,234.72029269999996,58.0,内蒙古自治区,2011,1,0.523302833,599704
0.018427406,0.107856671,42441,23088.98062,115286.8149,8.377457207,0.884361465,3554.957164,47053.0,15.96,218.8913191,54.0,内蒙古自治区,2012,1,0.61908485,709470
0.017617408,0.124769306,46320,30197.20515,109400.323,8.348447737,0.8838384890000001,4004.880447,51388.0,19.46,325.26947789999997,80.0,内蒙古自治区,2013,1,0.607090937,695725
0.016496794,0.139535555,49585,27683.61929,109739.3677,5.300181441,0.8889508690000001,4131.335642,54460.0,21.95,570.9644519999999,140.0,内蒙古自治区,2014,1,0.468466786,536862
0.016171003,0.152837045,52972,27220.3018,121763.1925,4.506853996,0.881211249,4348.539347,57870.0,22.85,642.2583983,157.0,内蒙古自治区,2015,1,0.445325385,510342
0.019183796,0.17166975,56560,32813.84842,186624.6612,4.24406112,0.981693954,5094.349967,61994.0,23.45,705.497741,172.0,内蒙古自治区,2016,1,0.414303515,474791
0.021938894,0.197256987,61196,32914.502389999994,160452.5511,3.8698056530000002,1.001215019,5212.5924780000005,67688.0,23.89,1113.169867,271.0,内蒙古自治区,2017,1,0.603622345,691750
0.017581755,0.219116945,66491,32922.53618,160839.2771,3.2226351419999997,1.022250213,5231.684303,75601.0,22.75,1297.6224849999999,315.0,内蒙古自治区,2018,1,0.5912026020000001,677517
0.015823825,0.23846963399999999,71170,36642.47146,159859.0873,2.695053362,1.044286206,5251.177922999999,83277.0,23.32,818.6875817000001,198.0,内蒙古自治区,2019,1,0.728366891,834707
0.013929522,0.081478228,37353,41868.504,157831.3789,19.64453215,0.971800592,4273.181921,38454.9,11.03,189.5639227,83.0,辽宁省,2011,1,4.626725808,685306
0.010230712,0.094786015,40778,43148.1073,160913.2423,20.7104518,0.969792894,4416.249678,42503.0,11.31,164.49559069999998,72.0,辽宁省,2012,1,5.139462189,761252
0.014512565,0.10458794800000001,43956,43212.75166,162953.9959,17.88738811,0.9697926370000001,4405.027904,46310.0,12.21,233.4092708,102.0,辽宁省,2013,1,5.221072246,773340
0.011502996000000001,0.119234966,45915,44730.3083,156999.7366,18.52356147,0.9731117659999999,4477.845718,49110.0,12.57,398.947852,174.0,辽宁省,2014,1,5.0601948430000006,749511
0.015483037,0.133970129,46482,46679.10283,166822.1347,13.86136603,0.972788731,4487.136856,53458.0,12.47,512.8813526,223.0,辽宁省,2015,1,5.337822967,790633
0.017657367,0.152201884,47069,50885.53017,186367.1579,13.63056382,0.987366073,6458.210715,57148.0,13.01,528.5669241,229.0,辽宁省,2016,1,4.598289213,681094
0.017117691,0.168324735,50221,52605.53095,189991.5552,13.34990073,0.9921587209999999,6121.0678100000005,62545.0,13.68,849.633845,367.0,辽宁省,2017,1,6.316866844,935648
0.014706628000000001,0.185139385,54657,51531.31843,189819.1893,13.10135997,0.998158655,6207.192106,69093.0,14.93,1081.027839,465.0,辽宁省,2018,1,6.649045699999999,984850
0.013503756,0.20100172100000002,58019,53874.96912,190450.81699999998,12.74488492,1.004073828,6349.2164649999995,75264.0,15.06,627.9188342,269.0,辽宁省,2019,1,7.364949804,1090889
0.011337825,0.066886588,28270,28987.84294,120180.2123,18.49834471,0.91663865,3106.754066,34769.38,11.28,252.1953301,69.0,吉林省,2011,1,1.779020825,339825
0.011978825,0.077261206,32005,28792.6982,122115.4131,19.94282519,0.917700409,3223.3659829999997,39092.0,12.04,247.1001383,67.0,吉林省,2012,1,1.9854568680000002,379258
0.013130676,0.09256325,35139,30297.83207,122056.0222,13.0192345,0.918215514,3399.141696,43821.0,12.79,335.4416148,90.0,吉林省,2013,1,2.280989226,435710
0.014610323,0.10718379800000001,37539,31262.09803,124747.0707,9.13606566,0.925358102,4052.77319,47683.0,16.31,531.0790147,141.0,吉林省,2014,1,1.6352176230000002,312356
0.014930738999999998,0.11940785300000001,38128,31969.97405,121105.3064,11.04220068,0.931882878,4041.918147,52927.0,13.49,635.5935316,167.0,吉林省,2015,1,2.064554126,394367
0.016559973999999998,0.136267468,40259,43521.57361,217812.5028,10.49660664,0.964273128,5505.834276,57486.0,14.98,745.1795339,193.0,吉林省,2016,1,1.674716519,319901
0.017302082,0.152031345,42890,44040.59238,221306.4311,9.897057956,0.9823362809999999,5701.911738000001,62908.0,14.3,1303.742904,332.0,吉林省,2017,1,2.850375357,544473
0.013840212,0.168429828,44925,47919.78709,224952.3428,9.330067177,1.00023927,6143.664807,70309.0,13.81,1504.978318,377.0,吉林省,2018,1,2.388607356,456267
0.013069767,0.182932129,47554,46192.278710000006,227202.2642,9.278601784,1.017724164,6305.767132,76401.0,14.13,819.1414538,202.0,吉林省,2019,1,2.971782764,567664
0.009644036,0.060695442999999995,26093,33276.12582,126394.1243,9.478311797,0.993897734,3590.2497229999994,33098.44,10.71,175.96688480000003,67.0,黑龙江省,2011,1,1.5310355340000001,693357
0.00948042,0.069243307,29352,34974.7047,130852.7177,10.76579284,0.992593097,3706.3701229999997,38598.0,13.56,165.2012564,62.0,黑龙江省,2012,1,1.721828436,779761
0.010119102,0.07843319,32068,34652.30878,127919.0899,9.366732326000001,1.007552955,3889.047776,42744.0,11.68,235.4538319,87.0,黑龙江省,2013,1,2.037553989,922743
0.010808409,0.088749383,33464,34132.6861,135221.9673,8.676147172,1.016034437,3986.8209159999997,46036.0,11.96,401.4316232,146.0,黑龙江省,2014,1,1.076978281,487729
0.011836956000000001,0.098571243,32759,36937.24371,140157.518,9.144496903,1.020413426,4139.011377000001,51241.0,10.57,476.39264330000003,170.0,黑龙江省,2015,1,1.310781508,593611
0.014330832,0.112755904,34025,48229.97268,183520.4666,8.166572089,1.072812255,5177.406473,55299.0,13.71,612.135351,214.0,黑龙江省,2016,1,1.0593351709999999,479739
0.014511603,0.126876706,35887,51392.46902,185275.7819,6.970757565,1.094162263,5304.502558,59995.0,13.89,886.0268009,304.0,黑龙江省,2017,1,1.732542374,784613
0.012322162,0.14195761199999998,38199,50543.46336,188840.7031,6.166730713,1.117361351,5426.627875,65397.0,14.86,1061.537617,357.0,黑龙江省,2018,1,1.429248699,647261
0.011294472,0.156825132,41156,53111.671539999996,189149.7478,5.533896459,1.14292432,5381.35879,72603.0,15.22,665.4531762,219.0,黑龙江省,2019,1,1.608499607,728438
0.016501416,0.084971219,61464,30620.497139999996,43147.578989999995,32.30738689,0.9456600209999999,3210.426543,45986.24,15.05,132.1422136,105.0,江苏省,2011,1,14.62276351,1515240
0.017031598000000002,0.099387121,66533,31494.88925,45492.342489999995,34.45705166,0.935827253,3441.7529729999997,51279.0,16.11,123.8931956,100.0,江苏省,2012,1,14.39841925,1491993
0.019228847,0.11578627699999999,72768,33282.34759,46340.25887,16.62045279,0.9338920059999999,3592.4582219999998,57984.0,16.44,176.5576737,144.0,江苏省,2013,1,16.28882863,1687881
0.021553997000000002,0.132999074,78711,34136.97545,46940.92122,16.66601209,0.9330028640000001,3675.094238,61783.0,16.76,375.158282,309.0,江苏省,2014,1,17.26749146,1789292
0.022316176,0.149542961,85871,37669.24168,52578.82828,14.43718457,0.9300523479999999,3884.06059,67200.0,17.21,523.0165362,434.0,江苏省,2015,1,17.31719133,1794442
0.026552467000000003,0.17104815199999998,92658,46893.86582,63938.66662,13.5953519,0.9323418590000001,5149.736357,72684.0,25.37,547.4365004,457.0,江苏省,2016,1,17.17317751,1779519
0.025989147,0.191957393,102202,49462.2174,63633.89608,12.44541659,0.933020263,5269.003235,79741.0,25.62,983.1029302999999,826.0,江苏省,2017,1,22.47613441,2329022
0.024321633999999998,0.210632178,110508,52387.42858,62314.55345,11.50339532,0.936066816,5404.017097,86590.0,25.2,1167.827302,985.0,江苏省,2018,1,22.34569879,2315506
0.023101375,0.226149428,116650,53178.801660000005,60417.34275,11.1705516,0.9401402259999999,5495.710382,98669.0,25.41,649.1275817000001,549.0,江苏省,2019,1,24.87096369,2577179
0.022599444,0.11923299,57828,32943.37795,43955.36509,39.64968901,0.866163769,2772.058089,46684.58,13.41,201.50520490000002,111.0,浙江省,2011,1,8.979405952,963167
0.022692095,0.137460431,61097,33019.93037,44545.453369999996,39.33195785,0.852846054,2812.966838,50813.0,13.82,179.4754584,101.0,浙江省,2012,1,9.072232995,973124
0.02457921,0.15729125,65105,35802.466210000006,47133.83952,35.98033634,0.841726775,2959.270623,57310.0,13.84,261.5737145,150.0,浙江省,2013,1,9.396945853,1007954
0.025268258999999998,0.173386277,68569,37127.15777,48621.14058,19.34514916,0.832487126,3042.6760280000003,62460.0,14.16,563.6488813,329.0,浙江省,2014,1,12.35817236,1325587
0.025429851,0.188728938,73276,37719.51393,48021.81196,15.54591004,0.8207699540000001,3124.205141,67707.0,14.61,714.1040322,424.0,浙江省,2015,1,12.66804333,1358825
0.02685731,0.20856673,78384,52502.0524,62670.37508,13.77334971,0.81360294,4433.9194990000005,74644.0,17.73,766.3564566,462.0,浙江省,2016,1,12.96138499,1390290
0.027796115,0.228034657,85612,56005.56021,62792.03367999999,13.08593497,0.8055971270000001,4621.794283,82642.0,17.28,1231.824987,754.0,浙江省,2017,1,16.16595503,1734025
0.02752724,0.246396602,93230,58471.67619,62743.97581,11.57491016,0.796803549,4691.814361,90857.0,18.05,1554.294103,967.0,浙江省,2018,1,16.029777,1719418
0.026820114,0.262693538,98770,58181.668529999995,62209.192310000006,11.511570599999999,0.7880355859999999,4778.632449000001,101996.0,19.02,891.8427204,564.0,浙江省,2019,1,17.34856988,1860877
0.008703147,0.043359811,27303,18988.98845,59617.64438,29.30182324,1.152869338,2481.344067,40260.81,10.98,140.8330417,84.0,安徽省,2011,1,4.291435094,601509
0.009743804,0.050732384000000005,30697,19641.581309999998,60887.8979,34.6216343,1.1551311709999998,2550.5938929999998,46091.0,11.73,127.194971,76.0,安徽省,2012,1,4.272785645,598895
0.011589455,0.059959634000000005,34404,20141.98426,58204.66847999999,40.70098164,1.158026205,2687.603576,48929.0,12.55,175.4965021,105.0,安徽省,2013,1,5.054250348,708429
0.012761016000000002,0.070498483,37580,22821.9772,62016.169839999995,21.92852249,1.157335906,2778.4872800000003,52388.0,13.31,293.7019587,176.0,安徽省,2014,1,4.960639247,695308
0.014640163999999999,0.083060863,39692,22201.75065,62481.35587000001,13.00326389,1.1574074079999999,2883.063043,56974.0,13.75,374.74822919999997,225.0,安徽省,2015,1,5.154746192,722515
0.019045173999999998,0.099769215,43686,24033.55208,65093.015120000004,11.71089749,1.159841544,3324.4780809999997,61289.0,21.82,395.21767389999997,238.0,安徽省,2016,1,5.147511861,721501
0.020028063999999998,0.11727509400000001,49092,26750.95639,65326.526979999995,9.489633376,1.159281134,3373.0257920000004,67927.0,22.19,653.4306953,395.0,安徽省,2017,1,7.988542075,1119714
0.01873058,0.134211369,56063,27486.79173,64140.243070000004,8.368842077,1.159008998,3478.088789,77196.0,22.95,868.6980056,527.0,安徽省,2018,1,8.111511432999999,1136950
0.017744813999999998,0.14921521699999998,60561,29842.05713,64317.5555,7.502098555,1.15951047,3685.0568450000005,82127.0,23.69,493.0941363,300.0,安徽省,2019,1,9.625191738,1349115
0.011758847,0.064178801,47928,25149.380559999998,39826.539789999995,19.57489544,0.950069877,2476.95452,39079.58,10.87,195.2674729,73.0,福建省,2011,1,4.467264861,557604
0.012440606000000002,0.07447052,52959,26793.3348,40889.01578,19.66103564,0.9388290090000001,2449.826207,44979.0,12.56,183.6058185,70.0,福建省,2012,1,4.769980772,595389
0.014416325,0.086195075,58255,28568.6053,44426.82169,17.63430556,0.9380318790000001,2539.489109,49328.0,12.03,284.75413039999995,110.0,福建省,2013,1,5.240378145,654104
0.015542768,0.098748299,63709,29438.027469999997,44400.974539999996,12.35707499,0.944009214,2633.458249,54235.0,12.23,485.3123835,190.0,福建省,2014,1,6.108676494,762485
0.015240227,0.10981690599999999,67649,32649.701,47120.601389999996,10.18890623,0.938472069,2807.410168,58719.0,12.18,582.6700348999999,231.0,福建省,2015,1,6.2908428139999994,785223
0.018157623,0.123410834,74024,40235.27177,54317.86689,9.784316088999999,0.938143837,3672.5248060000004,63138.0,14.41,640.004323,256.0,福建省,2016,1,6.273642045,783076
0.018708092,0.13785678199999998,83758,42628.412639999995,53127.11947,9.302072046000001,0.938075401,3754.488039,69029.0,17.41,955.3278727,386.0,福建省,2017,1,8.153533088,1017724
0.017603214,0.15248447199999998,94719,43753.4119,49433.44747,8.344021213,0.937213913,3887.886414,76266.0,20.59,1219.249014,498.0,福建省,2018,1,8.258556321,1030833
0.016663026,0.165108604,102722,42334.66822,49464.87088,7.571653942999999,0.938180875,3933.9886030000002,84374.0,21.37,718.3594241000001,296.0,福建省,2019,1,8.812137478,1099931
0.007676899,0.038395687000000005,25928,14597.2995,22947.88588,16.22601076,1.0637093770000001,1759.1961670000003,30902.5,11.29,152.1950883,68.0,江西省,2011,1,1.617553845,269994
0.008566393,0.045064636,28624,15948.28611,24119.10085,17.33169265,1.073536888,1832.622563,39651.0,12.76,138.564145,62.0,江西省,2012,1,1.696228619,283126
0.010161935,0.055153296,31952,15848.41722,26385.72663,17.03710438,1.07676734,2008.702536,43582.0,13.23,205.5624397,92.0,江西省,2013,1,2.036401761,339906
0.011386654,0.064242254,34988,15287.90564,27529.84235,13.3558145,1.099429533,2163.888485,47299.0,13.03,343.8997178999999,154.0,江西省,2014,1,1.755839799,293076
0.012898888,0.075613095,37436,16176.035609999999,27553.47067,11.97686973,1.0963564129999999,2349.105709,52137.0,11.47,457.32827199999997,205.0,江西省,2015,1,1.791983944,299109
0.016096201,0.088918817,40950,17757.48562,30535.57095,11.88419836,1.109056005,3053.111711,57470.0,17.33,456.51925650000004,205.0,江西省,2016,1,1.84074529,307248
0.017333192,0.103452907,44878,21347.848280000002,31888.542660000003,11.65893615,1.116137588,3228.601144,63069.0,17.9,701.6767272999999,316.0,江西省,2017,1,2.89824162,483760
0.016917158999999998,0.11913820300000001,50347,22551.04109,30020.034560000004,10.92689364,1.1243009259999999,3426.4284549999998,70772.0,19.37,817.8215393999999,369.0,江西省,2018,1,3.0153850760000003,503313
0.01585996,0.13317272,54640,23014.66314,30944.643310000003,10.17451898,1.133929151,3561.845844,76131.0,19.93,571.4901915,258.0,江西省,2019,1,3.326657281,555269
0.014512173,0.08841517800000001,40581,26530.16286,52912.81473,25.11322632,0.9963224559999999,2662.469455,37908.36,16.08,125.6959828,121.0,山东省,2011,1,9.490127994,1497732
0.017257164,0.106041329,44348,27788.41119,53027.89095,26.3047865,0.9889833290000001,2858.64363,42572.0,16.75,108.3992709,105.0,山东省,2012,1,9.889405652,1560746
0.018893772,0.12333794099999999,48673,28445.520089999998,50001.979139999996,25.60333263,0.988185998,3109.895489,47652.0,17.43,153.18162900000002,149.0,山东省,2013,1,10.64465847,1679940
0.020588153,0.13810499199999998,51933,29282.042610000004,52543.82245,6.7754037810000005,0.99694365,3331.29389,52460.0,18.13,311.9572111,305.0,山东省,2014,1,10.09931568,1593874
0.020783798,0.153584589,56205,31419.16509,53399.466889999996,4.773818205,0.998446721,3454.308829,58197.0,18.02,416.79417889999996,410.0,山东省,2015,1,10.34149031,1632094
0.022539299,0.17373144100000001,59239,47651.2921,61811.189889999994,4.921890146,0.9920564590000001,4833.882238,63562.0,24.65,445.58413949999994,442.0,山东省,2016,1,9.951926245,1570613
0.021475487999999997,0.192896512,62993,50626.649580000005,61659.30439,4.909611365,0.98928485,4969.493208,69305.0,25.13,746.7735721,747.0,山东省,2017,1,15.25407426,2407398
0.019557335,0.21166377,66284,49242.91288,61384.07457999999,4.977001115,0.9896448590000001,5135.727311,75125.0,25.28,1020.382692,1026.0,山东省,2018,1,15.648656699999998,2469671
0.019889042,0.231257307,69901,54462.73929,61774.843389999995,4.913151283,0.9915299320000001,5363.92729,84089.0,25.28,608.4336516,614.0,山东省,2019,1,17.41324927,2748159
0.008496868000000001,0.053141733,27901,16131.85746,40520.99545,19.24458401,1.176564414,1744.9587559999998,30094.77,7.99,111.3126788,105.0,河南省,2011,1,5.92181974,981210
0.010996522,0.061279575,30497,16398.43315,40450.10024,20.48040362,1.1744365540000001,1897.513423,37958.0,8.27,94.77037073,90.0,河南省,2012,1,6.029651042999999,999077
0.013237225,0.07335066400000001,33114,17705.116,41379.28371,22.08905054,1.138987605,1897.911389,38804.0,8.97,138.182186,132.0,河南省,2013,1,6.509577897000001,1078598
0.015281641,0.100872985,35982,19979.36173,41723.75094,13.59778833,1.157362651,1953.394206,42670.0,9.37,277.8669436,267.0,河南省,2014,1,5.930516494,982651
0.015841106,0.09841996800000001,38338,23702.2154,40413.791789999996,11.63400711,1.14786768,1977.682996,45920.0,10.96,364.9357541,353.0,河南省,2015,1,5.857592912,970568
0.0194559,0.11340154300000001,41326,23304.16236,47844.53265,10.92616838,1.140434333,2612.053974,50028.0,12.97,423.0213196,412.0,河南省,2016,1,5.619666372999999,931145
0.019868256,0.129998455,45723,26294.48128,47801.934839999994,10.07315893,1.1346145559999998,2738.795959,55997.0,13.9,905.7917363,888.0,河南省,2017,1,9.086382126,1505559
0.018711082,0.147226888,50714,27674.60885,48257.408760000006,9.516714022999999,1.131292116,2840.5827870000003,64148.0,14.57,1092.766206,1076.0,河南省,2018,1,9.112478423999999,1509883
0.017717018,0.163124261,54356,27864.156239999997,47297.32327,9.236547357000001,1.128794688,2978.9765030000003,68305.0,15.19,598.021438,591.0,河南省,2019,1,11.02953637,1827528
0.0067688340000000005,0.043435092,34719,25081.94223,47023.2012,16.45011203,0.928294747,2282.392328,31953.87,11.34,141.017375,81.0,湖北省,2011,1,2.1523390019999997,400193
0.008924715,0.050886474,39149,23895.70849,48656.161239999994,18.35683958,0.923144819,2245.9089280000003,40884.0,12.69,133.4374903,77.0,湖北省,2012,1,2.2322759690000002,415056
0.011113342,0.061214925999999996,43835,25085.33789,49381.30723,19.83318703,0.921246641,2445.8333989999996,44613.0,12.82,191.7284656,111.0,湖北省,2013,1,2.8917949380000003,537683
0.013335745,0.072711151,48635,24375.96443,46819.76128,14.17594501,0.9169874459999999,2555.558546,50637.0,13.28,354.7473453,206.0,湖北省,2014,1,2.646148633,492009
0.015731107,0.08548388900000001,52021,28527.202739999997,50731.789880000004,15.07844389,0.909954336,2470.414612,55237.0,7.49,456.0237938,266.0,湖北省,2015,1,2.697817505,501616
0.018091298000000002,0.100331288,56844,33760.76503,62062.61086,15.03563255,0.905602256,3833.0032079999996,61113.0,16.14,480.61667620000003,282.0,湖北省,2016,1,2.629174869,488853
0.018193215,0.11532944199999999,63169,34698.417,62342.806820000005,14.72082844,0.9008592459999999,3971.49534,67736.0,15.74,719.3139788,424.0,湖北省,2017,1,3.7871825489999997,704166
0.017176164,0.130682316,71097,35656.78157,62722.097570000005,13.702693900000002,0.8978322409999999,4246.667697999999,76017.0,17.0,862.8687354,510.0,湖北省,2018,1,3.949777878,734398
0.016651413,0.145399711,76712,35979.2772,62905.90011,11.750044699999998,0.895502754,4493.399194,81524.0,17.45,530.2244822,314.0,湖北省,2019,1,4.559956758999999,847851
0.007573602,0.03927019,28766,17439.054819999998,32650.132380000003,23.99873697,1.043484179,1786.9442239999998,35145.41,12.25,114.0602696,75.0,湖南省,2011,1,1.4818933090000002,313988
0.008699451,0.046790865,32203,17271.34756,32351.50869,25.84370015,1.045938474,1866.2287809999998,40028.0,10.8,104.7760666,69.0,湖南省,2012,1,1.5401896330000002,326340
0.010401938000000001,0.05560943,35702,18765.94601,33809.33243,27.53799467,1.039117254,1919.6580190000002,43893.0,11.56,159.21334280000002,105.0,湖南省,2013,1,2.0615622769999997,436810
0.011506948000000001,0.065774752,39181,23048.71568,35026.478460000006,21.96402571,1.047130781,1957.437725,48525.0,12.57,295.20522539999996,195.0,湖南省,2014,1,1.952766385,413758
0.012892697,0.076799708,43155,25664.42152,38532.92418,18.03495697,1.050476589,2044.4436660000001,53889.0,13.13,367.45548130000003,243.0,湖南省,2015,1,1.952662554,413736
0.015602553,0.089999043,46606,28727.791269999998,39535.83347,16.40873795,1.051862433,2456.167242,60160.0,14.59,373.107816,247.0,湖南省,2016,1,2.058244408,436107
0.016402021,0.10305984,51030,31235.19145,38871.26501,15.14392384,1.0541126809999999,2578.042219,65994.0,13.72,570.2164767999999,378.0,湖南省,2017,1,3.0567011039999996,647663
0.0159934,0.11772107300000001,54763,33201.75608,39213.2245,13.71829754,1.057004255,2769.074091,73300.0,16.96,624.0591582000001,414.0,湖南省,2018,1,3.1099285930000002,658941
0.015121631000000002,0.131162105,60104,36893.34393,39892.96202,12.67975176,1.06011508,2796.228615,77563.0,17.69,435.4041324,289.0,湖南省,2019,1,3.3388757000000004,707451
0.012968877,0.085949358,50076,55230.71585,55830.80357999999,46.57454472,0.8138642640000001,3303.31311,45226.04,12.1,113.2240997,120.0,广东省,2011,1,8.755745908,1590490
0.012511852,0.09518953599999999,52308,56033.56992,55446.331360000004,50.78521699,0.791423251,3408.736364,50577.0,12.7,106.43699009999999,116.0,广东省,2012,1,8.115809987,1474245
0.014446628000000001,0.105541241,56029,56423.064139999995,56616.689829999996,54.22738466,0.783968908,3487.951679,53611.0,13.59,159.5619118,178.0,广东省,2013,1,9.023396513,1639109
0.017601943000000002,0.117039301,59909,57226.08775,56641.699720000004,13.817217800000002,0.779696658,4477.378948,59827.0,13.34,320.7543309,365.0,广东省,2014,1,9.373336783,1702676
0.018031613000000002,0.127025015,64516,61583.04644,43001.51575,8.464593403,0.776421197,4370.855318,66296.0,13.24,544.7382393999999,631.0,广东省,2015,1,9.477327403,1721566
0.021604292,0.142002555,69671,50524.77099,58088.56257,8.657149518999999,0.76764655,4924.944111,72848.0,13.05,600.3547574,708.0,广东省,2016,1,9.301512241000001,1689629
0.022072347000000003,0.157529414,76218,52973.30092,55533.896129999994,8.808563943,0.760520854,4915.777289,80020.0,12.86,889.0147051000001,1069.0,广东省,2017,1,11.44559072,2079103
0.021694754,0.17283606899999998,81625,51932.16383,52907.3007,8.595660047,0.754380455,4929.586413,89826.0,13.39,1075.590674,1317.0,广东省,2018,1,12.0316431,2185560
0.020558731,0.187330777,86956,52303.131839999995,49471.88753,8.133949092,0.7512142490000001,5151.962766,100689.0,13.6,699.7586189,869.0,广东省,2019,1,12.70278171,2307473
0.007518619,0.040528874,22234,14776.039569999999,26942.257110000002,17.33059987,1.154020563,9299.514753,33939.91,8.13,146.788998,68.0,广西壮族自治区,2011,1,1.7392479680000001,413054
0.008109821,0.048654647,24181,14696.50996,32054.222019999997,18.49342925,1.147226254,2102.86307,37614.0,8.47,134.7714887,63.0,广西壮族自治区,2012,1,1.759598299,417887
0.009462175,0.058629837000000004,26416,15976.83751,34841.77115,11.618592199999998,1.1488298959999999,2223.89769,42637.0,8.89,195.22765980000003,92.0,广西壮族自治区,2013,1,1.98802897,472137
0.010188443,0.066631151,28603,15705.77893,32131.485010000004,9.814796177,1.152620192,2262.928877,46846.0,9.39,319.967618,152.0,广西壮族自治区,2014,1,1.777110615,422046
0.010773445,0.075946423,30890,16689.34233,35029.87539,8.667603157,1.151917404,2358.843882,54983.0,9.73,367.3951533,176.0,广西壮族自治区,2015,1,1.85732873,441097
0.013030581000000001,0.087897981,33340,18512.56841,35864.6104,8.222981274,1.148548788,2759.611829,60239.0,17.06,419.9409305,203.0,广西壮族自治区,2016,1,1.840759611,437162
0.014719208999999999,0.102852161,36441,20931.7553,35911.100289999995,7.800607076,1.145880243,2896.320774,66456.0,17.56,653.4132440000001,319.0,广西壮族自治区,2017,1,2.515769085,597470
0.015276959,0.119426974,39837,22025.449819999998,33289.84777,7.33383343,1.143976302,2995.720967,73553.0,19.42,726.604408,358.0,广西壮族自治区,2018,1,2.648730473,629047
0.014774928,0.135752082,42778,21210.633280000002,34934.0943,6.957208574,1.143834117,3108.072854,79516.0,21.92,539.8337813999999,268.0,广西壮族自治区,2019,1,2.8923028339999997,686893
0.009971701,0.054361123,28014,22478.966640000002,40750.94407,39.85838014,0.25071381600000003,1500.871824,37911.98,11.79,523.0310902,46.0,海南省,2011,1,4.308545703,160782
0.009377677,0.061621559000000006,30993,24333.071630000002,43832.86191,45.18618068,0.243219606,1899.9795649999999,40051.0,12.96,322.2187567,29.0,海南省,2012,1,5.05951711,188806
0.011081788,0.07081852400000001,34053,24425.83363,50392.625889999996,49.95656738,0.24152614,1868.82217,45573.0,8.4,480.8665233,44.0,海南省,2013,1,5.081357022,189621
0.012693983,0.08093761299999999,37166,24234.947519999998,51691.88228,3.4353496089999997,0.24127188800000002,2144.399536,50589.0,8.57,905.1736735,84.0,海南省,2014,1,5.0102902160000005,186969
0.013333195,0.08855835699999999,39704,26060.335280000003,54332.237160000004,11.01849264,0.338933214,2254.096728,58406.0,9.49,1169.578491,110.0,海南省,2015,1,5.085349841,189770
0.015572913,0.10128176800000001,43009,32386.6119,70272.63875,10.43101266,0.30351583,3375.357929,62565.0,17.75,1240.785781,118.0,海南省,2016,1,5.126832275,191318
0.019948426000000002,0.117378444,46631,38538.61634,72359.69961,10.47914435,0.31464785300000003,3359.2982770000003,69062.0,18.22,1617.439911,156.0,海南省,2017,1,7.338666024,273857
0.016734886,0.129887281,50263,42957.99194,71586.41782,9.863859144,0.325793894,3889.4536420000004,77672.0,16.81,2374.613803,232.0,海南省,2018,1,7.438834847000001,277595
0.014658798,0.138838748,53929,42357.7555,62560.39169,9.475107187999999,0.33700879899999997,3874.6167549999996,84656.0,18.24,1871.551174,185.0,海南省,2019,1,7.703620334,287476
0.01047512,0.044494386,34864,26837.99236,39310.00748,46.71155659,1.14248462,3551.178995,40041.99,6.14,219.5898122,64.0,重庆市,2011,1,2.04731509,168709
0.011826241000000001,0.053846567000000005,39180,33772.366630000004,53873.59815,51.44381237,1.129710161,3554.6302840000003,45392.0,6.71,199.3566414,59.0,重庆市,2012,1,2.302348158,189725
0.014350185,0.064407103,43527,40387.66741,68262.77572,55.27744569,1.122087543,3725.3680649999997,51015.0,7.12,280.6555313,84.0,重庆市,2013,1,2.577028093,212360
0.017581692,0.078308233,48311,28546.297880000002,48533.00107,21.02072601,1.115026786,4066.71597,56852.0,7.47,488.9309208000001,148.0,重庆市,2014,1,2.762975548,227683
0.016453472,0.09115334800000001,52480,28640.62342,48532.671669999996,18.83070278,1.103171118,4348.113837,62091.0,7.58,651.0719741,199.0,重庆市,2015,1,2.884291002,237680
0.017589039,0.105977599,58327,38291.353489999994,68284.95256,17.99162869,1.097737247,4372.178715999999,67386.0,12.23,679.6132719,210.0,重庆市,2016,1,3.154747892,259967
0.017627094,0.118474409,64171,40831.41027,69942.3382,17.04730567,1.0841046429999999,4550.681142,73272.0,12.67,1013.7497699999999,317.0,重庆市,2017,1,4.0873854739999995,336821
0.018309866,0.132900328,68460,38849.00782,69741.75406,16.53722764,1.0794385979999999,4747.1198030000005,81764.0,13.52,1268.435485,400.0,重庆市,2018,1,4.2374370489999995,349186
0.017949864,0.145362408,74337,41649.98272,70492.58,16.05725555,1.0757322009999999,4770.88491,89714.0,14.38,765.2310449,243.0,重庆市,2019,1,4.440446575,365915
0.009645696,0.052415027999999995,26136,18043.62227,37152.50483,29.06968713,1.039386143,1785.366326,36450.07,6.77,93.11715889,75.0,四川省,2011,1,0.9053756890000001,440133
0.010167779,0.061083457,29627,21586.40479,34654.663160000004,31.17743145,1.040098126,1933.2402690000001,43110.0,7.53,86.69238872,70.0,四川省,2012,1,0.960488179,466925
0.011875858000000001,0.070769788,32750,22815.5781,36083.292480000004,32.16262916,1.040384927,2071.112075,49019.0,8.1,134.61610980000003,109.0,四川省,2013,1,1.159721722,563779
0.013879901000000002,0.082092796,35563,24757.5782,41720.94444,14.98847147,1.0399709190000002,2288.288066,53722.0,8.22,258.4940795,210.0,四川省,2014,1,1.280729759,622605
0.01526184,0.093925514,37150,48653.00738,41772.01734,15.18396974,1.028165614,2353.249621,60520.0,8.29,411.3901523,336.0,四川省,2015,1,1.28686594,625588
0.016782259,0.107106832,40297,27502.67058,40607.6925,13.34165895,1.026157873,3181.102102,65781.0,13.73,502.21527829999997,413.0,四川省,2016,1,1.351156988,656842
0.016843003,0.11974747599999999,45835,32752.500589999996,39433.3529,11.37836816,1.021643191,3424.4658369999997,71631.0,13.72,742.4512796,614.0,四川省,2017,1,1.662870038,808376
0.016209463,0.13222957800000001,51658,34810.24892,41603.72606,9.808759935,1.0185524590000001,3590.597104,80464.0,14.63,887.4145087999999,737.0,四川省,2018,1,1.8425616040000001,895730
0.015597476,0.143588666,55619,35193.28879,41385.73372,8.683698388,1.01599739,3663.643317,86855.0,16.38,502.6413063999999,419.0,四川省,2019,1,2.042899783,993121
0.007827095,0.038912901,16024,10460.85619,23535.49968,30.0071914,0.86480406,1050.08049,37449.39,3.97,131.2600613,46.0,贵州省,2011,1,0.989043819,174136
0.009290555,0.046188617,18947,10833.360770000001,30656.58435,35.56939403,0.85354518,1292.696746,42733.0,4.31,126.4594643,45.0,贵州省,2012,1,1.086859966,191358
0.011353266,0.055685856,22089,10862.89762,30070.362339999996,46.82571009,0.8500819959999999,687.0692703999999,49087.0,5.63,213.3239267,77.0,贵州省,2013,1,1.379712038,242919
0.012956714,0.066964458,25101,12398.49462,34959.86918,37.57967028,0.848630575,1578.885764,54685.0,7.46,352.9917912,129.0,贵州省,2014,1,1.7740323180000002,312345
0.013505729,0.079244262,28547,14659.416659999999,39745.35357,21.83367505,0.8547200909999999,1481.378332,62591.0,7.28,408.93624889999995,151.0,贵州省,2015,1,1.779575725,313321
0.017393183,0.09340833300000001,31589,17586.05415,50952.67876,22.01913275,0.850015298,2263.551525,69678.0,12.11,479.49789699999997,179.0,贵州省,2016,1,2.108772328,371281
0.019510451,0.10951087,35988,18563.49567,56206.286620000006,22.16853817,0.8476677229999999,2608.0944329999998,75109.0,12.18,775.0219766,293.0,贵州省,2017,1,3.076238889,541618
0.019176541999999998,0.12563507,40271,18827.68661,53154.50948,22.04685905,0.848822828,2761.988576,82597.0,13.51,865.5804652999999,330.0,贵州省,2018,1,2.9768040210000004,524111
0.017071713,0.138761445,43727,19773.147419999998,66959.60076,21.97001893,0.852042993,2831.8130149999997,87970.0,14.53,560.6259653,215.0,贵州省,2019,1,3.0469315310000002,536458
0.010526998999999999,0.060733019000000006,20653,13227.06335,25998.69412,5.62545985,0.6190846870000001,1095.2069179999999,36698.02,8.86,127.9548676,59.0,云南省,2011,1,1.188320535,455286
0.011434541999999999,0.07102647299999999,23992,13356.51378,26455.75576,6.38682632,0.614187763,1156.642096,38908.0,10.47,110.25934,51.0,云南省,2012,1,1.353469021,518560
0.01314926,0.08067511299999999,27665,13809.311919999998,26919.74582,6.669970995,0.617299107,1356.7724460000002,44188.0,10.35,163.93434950000002,76.0,云南省,2013,1,1.42001493,544056
0.014084496,0.092477788,30217,15326.16948,26651.86872,6.176304272,0.619524141,1375.094397,47802.0,15.91,288.36095339999997,134.0,云南省,2014,1,1.030151331,394686
0.014373216000000001,0.103957319,32117,15637.71578,26558.78389,9.379194492,0.61914749,1416.926471,55025.0,12.69,341.35046789999996,159.0,云南省,2015,1,1.059342162,405870
0.016995527,0.11821067,35051,23395.88405,40963.13947,8.82388422,0.6194911470000001,2421.814466,63562.0,15.76,379.010752,177.0,云南省,2016,1,1.013397401,388267
0.017590251,0.132905541,39458,22715.137730000002,40685.32608,8.232476478999999,0.619581956,2437.576328,73515.0,12.52,604.0578816000001,283.0,云南省,2017,1,1.434918331,549766
0.016905172,0.144211206,44446,24206.19676,41660.541939999996,7.373822266,0.619928106,2477.665584,80525.0,14.11,808.8598987,380.0,云南省,2018,1,1.464304917,561025
0.015941338,0.157606012,49323,25179.92267,42478.376619999995,6.516069562,0.620594619,2586.803796,91811.0,15.0,520.3340969,245.0,云南省,2019,1,1.551470243,594421
0.007093913,0.065421645,20083,10673.71218,38096.94195,1.346529845,0.162240425,2955.79722,55740.26,13.48,229.89533930000002,7.0,西藏自治区,2011,1,0.024681839,29675
0.007724081,0.072978139,22762,11377.79499,37178.147000000004,1.8685223880000001,0.161532639,3846.015207,58347.0,14.22,160.2506336,5.0,西藏自治区,2012,1,0.028235858,33948
0.011519048999999998,0.084557411,26209,10031.69887,36709.05578,2.509507003,0.19019088399999998,3797.4885289999997,64409.0,13.19,126.582951,4.0,西藏自治区,2013,1,0.030756025,36978
0.013520645,0.09180954,29275,10529.90316,42368.84112,1.872328935,0.164179259,3925.3485149999997,68059.0,18.36,560.7640736000001,18.0,西藏自治区,2014,1,0.025249917,30358
0.013221238,0.101311933,31847,14839.54171,50930.772769999996,2.659514573,0.161921995,4427.435283,110980.0,44.57,977.0891659,32.0,西藏自治区,2015,1,0.029436056000000002,35391
0.012477638999999999,0.111880835,35015,17313.46974,56179.22421,2.653736999,0.167146625,4328.367434000001,110330.0,16.82,1194.032396,40.0,西藏自治区,2016,1,0.028095294,33779
0.015210372,0.118664125,39158,18577.55374,64382.834689999996,2.89984003,0.165311201,4296.059303,115549.0,14.7,2119.002224,73.0,西藏自治区,2017,1,0.042906893,51587
0.017012722,0.146371994,44051,20142.1519,67282.75316000001,2.9786487339999996,0.164738905,4665.696203,119947.0,12.21,2446.64557,86.0,西藏自治区,2018,1,0.044591995,53613
0.001622381,0.15630799199999998,47491,18853.18294,66153.97279,2.853152315,0.164649266,4587.421369,123045.0,15.75,1426.576157,51.0,西藏自治区,2019,1,0.052372077,62967
0.013226693999999999,0.06304812900000001,32467,27770.72369,65669.46818,26.84005511,1.037255463,2080.0042710000002,38631.72,8.42,197.3337385,74.0,陕西省,2011,1,2.5792812869999997,530130
0.014242437,0.075380571,37453,28074.389989999996,67131.18686,28.13450589,1.034734993,2237.794504,44330.0,9.21,177.43459380000002,67.0,陕西省,2012,1,2.888607238,593707
0.015676481000000003,0.08854708800000001,41906,29724.715630000002,62808.67718,29.12637465,1.038336326,2447.638789,48853.0,10.04,263.47026800000003,100.0,陕西省,2013,1,2.998637695,616322
0.01670816,0.10087273,45610,29293.66298,69309.37796,17.13169522,1.027781152,2461.0136469999998,52119.0,10.3,490.1060193,187.0,陕西省,2014,1,3.1809481639999997,653793
0.01629611,0.11419788199999999,46654,28565.10973,65862.14003,16.01356037,1.0223202279999999,2622.182716,56896.0,10.58,594.2919078,228.0,陕西省,2015,1,2.997888427,616168
0.018279626,0.127260495,49341,31258.78178,63362.11543,15.82705748,1.0207300529999999,2919.662445,61626.0,15.42,709.8380745000001,274.0,陕西省,2016,1,2.741380988,563447
0.019118027,0.14129855,55216,32293.652360000004,65487.27911,15.06299988,1.015163395,3309.334389,67433.0,16.32,1015.6853800000001,395.0,陕西省,2017,1,3.816706725,784463
0.019754864,0.157446702,61115,34631.637630000005,65202.02845,15.38449302,1.009794431,3461.376917,74993.0,16.47,1271.2136460000002,498.0,陕西省,2018,1,3.8520731360000005,791732
0.019672218999999998,0.17167096699999998,65506,38140.63815,70955.6059,14.98781303,1.006671579,3448.860475,82114.0,16.84,708.5655909,279.0,陕西省,2019,1,4.170351377,857149
0.008028398,0.041311822000000005,18846,17437.90031,65827.38897999999,27.8380409,0.9549568559999999,2265.3229260000003,35570.2,7.5,191.7112666,49.0,甘肃省,2011,1,0.604941579,257422
0.009262981,0.050622995,21141,19995.9654,67090.95233,130.1842796,0.955149369,2399.045447,38440.0,7.82,164.64037380000002,42.0,甘肃省,2012,1,0.7472387509999999,317974
0.011181656000000002,0.061483379000000005,23647,20283.460469999998,73478.88985,21.74997157,0.9829162859999999,2602.762324,44109.0,8.55,263.42156459999995,67.0,甘肃省,2013,1,0.85228608,362675
0.012352129,0.073130131,25724,21559.00405,75205.91986000001,20.37825098,0.9873021479999999,2675.636966,48470.0,7.82,469.6176976,119.0,甘肃省,2014,1,0.641697922,273063
0.013217161000000002,0.094720351,25946,20712.1624,71590.31907,14.73673916,0.971279325,2781.935454,54454.0,8.14,609.4140256000001,154.0,甘肃省,2015,1,0.627419325,266987
0.015669248,0.109954415,27396,20753.52394,92782.09297,15.04342958,0.9892811840000001,3450.327885,59549.0,15.42,646.4407418,163.0,甘肃省,2016,1,0.618193226,263061
0.014216903000000001,0.11402479800000001,29103,23205.60334,94159.21477,15.1054594,0.9931680890000001,3447.122957,65726.0,16.51,896.4899751,226.0,甘肃省,2017,1,0.908615568,386645
0.01178866,0.125101152,32178,25884.229219999997,97620.74851,14.545832999999998,0.99779475,3537.789267,73704.0,17.91,948.9692872000002,239.0,甘肃省,2018,1,0.927352115,394618
0.011914943,0.136665555,34707,29116.57066,97859.38474,14.365209900000002,1.004078211,3487.300506,77336.0,19.31,648.892674,163.0,甘肃省,2019,1,0.9888633520000001,420793
0.015048368000000001,0.070467385,24233,30680.27948,97540.30064,8.061751824,0.393980765,1326.236865,38443.08,6.64,282.9305312,16.0,青海省,2011,1,0.100805028,70223
0.016435266,0.08626758699999999,26839,32782.73667,96855.6912,8.254506968,0.34854704,1316.928361,46827.0,8.97,193.149493,11.0,青海省,2012,1,0.122669109,85454
0.017688117,0.103046413,30005,34027.73303,102503.5108,16.26431069,0.6957909590000001,2136.584369,52105.0,6.29,262.6947995,15.0,青海省,2013,1,0.134009549,93354
0.020296451,0.120035023,32218,34402.83271,104673.1905,5.701837961,0.6538805,1761.118147,57804.0,8.02,854.4038534,49.0,青海省,2014,1,0.126890911,88395
0.018941937,0.135611782,34883,49020.06862,116912.6902,7.972265937,0.644234023,2150.915962,61868.0,7.08,1214.226753,70.0,青海省,2015,1,0.12785987199999999,89070
0.020966309,0.152976406,38968,38791.98654,143985.9144,8.408956867999999,0.7853479090000001,3399.475689,67451.0,11.04,1432.266407,83.0,青海省,2016,1,0.123747168,86205
0.021130329,0.170498125,42211,40051.7338,147895.1795,8.681585737,0.860418777,3424.688654,76535.0,14.4,1866.455316,109.0,青海省,2017,1,0.17676013699999998,123135
0.018789341,0.187330749,46854,40494.268560000004,147262.7358,8.681971179,0.937506255,3444.144105,86908.0,16.19,2046.0262010000001,120.0,青海省,2018,1,0.18332897899999998,127711
0.016924313,0.203244683,49976,40951.399139999994,146830.307,8.616786099999999,1.014813054,3653.3405869999997,93506.0,18.44,1376.374826,81.0,青海省,2019,1,0.202548872,141100
0.018048512,0.08329482099999999,30161,37845.66932,190446.1528,22.42324682,1.017336557,5105.4182630000005,44552.79,13.17,452.77409670000003,29.0,宁夏回族自治区,2011,1,2.677697565,139093
0.019372592,0.10153013400000001,32609,41576.09244,198607.3257,23.34657499,1.005660948,5447.585171,48961.0,14.11,321.3463163,21.0,宁夏回族自治区,2012,1,3.0657426119999998,159250
0.019773532,0.11959213199999999,35135,46460.25261,189901.3769,24.78785797,1.009204837,5690.550757999999,52185.0,14.98333333,483.017571,32.0,宁夏回族自治区,2013,1,3.071614207,159555
0.019643397,0.135494796,36815,40477.30304,185570.5768,18.06448462,1.029194955,5610.273253,56811.0,18.93,1056.57666,71.0,宁夏回族自治区,2014,1,3.3442872269999997,173719
0.020043708,0.14822065,37876,44962.51531,189438.7361,12.39919919,0.9751814520000001,6637.183841,62482.0,19.11,1218.774909,83.0,宁夏回族自治区,2015,1,3.032418905,157519
0.021972238999999998,0.167279077,40339,48687.00043,181347.1115,11.47197419,0.99266369,6410.382541,67830.0,23.11,1334.287769,92.0,宁夏回族自治区,2016,1,3.168351141,164580
0.022671145,0.187054805,45718,54613.6031,182354.8636,9.311312189,0.9862591009999999,6542.7753649999995,72779.0,21.83,2185.686967,153.0,宁夏回族自治区,2017,1,4.305592454,223654
0.018544118999999998,0.20463548899999998,49614,47957.46738,177822.8403,7.550509601,0.9842121770000001,6812.702409999999,81945.0,22.94,2374.551877,168.0,宁夏回族自治区,2018,1,4.260737318,221324
0.017140923,0.22131833199999998,52537,43237.73376,180028.7488,6.874589436,0.9842702179999999,6853.566226000001,88153.0,26.2,1429.578231,102.0,宁夏回族自治区,2019,1,4.589912407,238423
0.013641915,0.073316225,29624,18943.57746,52114.11268,1.396391549,0.130251268,1981.8873239999998,49531.84,10.67,217.69014080000002,48.0,新疆维吾尔自治区,2011,1,0.30077389,490401
0.014658253999999999,0.09103124,33103,19580.06854,51683.52033,1.714595874,0.131933217,1969.6191210000002,45243.0,10.69,196.5152864,44.0,新疆维吾尔自治区,2012,1,0.364675945,594591
0.015310668000000001,0.104433388,36988,20546.440440000002,60440.55859,1.840894073,0.132613126,2005.2832260000002,49843.0,10.85666667,299.69067989999996,68.0,新疆维吾尔自治区,2013,1,0.388090139,632767
0.014911041000000002,0.118095273,40193,21995.62955,60138.740999999995,0.506289935,0.132711303,2086.764855,54407.0,13.84,511.9298397,118.0,新疆维吾尔自治区,2014,1,0.422017904,688085
0.013184798000000001,0.125041146,39520,22153.00906,58879.36047000001,14.11006973,0.126030536,2131.6485620000003,60914.0,14.89,590.2373508,139.0,新疆维吾尔自治区,2015,1,0.42577634299999995,694213
0.014893018000000001,0.135907102,40020,38437.61681,134153.5158,12.04780351,0.12721812300000002,4982.346223,64630.0,18.35,644.0897952,155.0,新疆维吾尔自治区,2016,1,0.399093755,650708
0.016075666000000002,0.147981697,45476,36344.45147,136127.6764,9.603834873,0.125964759,5069.233954,68641.0,19.78,839.4390631000001,206.0,新疆维吾尔自治区,2017,1,0.621757365,1013753
0.01533212,0.158681239,51238,35228.27502,133997.0461,6.957654316,0.124836975,5248.04097,76709.0,20.34,1004.0078380000001,251.0,新疆维吾尔自治区,2018,1,0.637062824,1038708
0.016211723,0.171737153,53542,35238.93757,136037.4987,6.192507902000001,0.12406279699999999,5599.482537,82052.0,23.67,582.7872120000001,148.0,新疆维吾尔自治区,2019,1,0.78481095,1279606
