省,省类型,register,stock,person_density,PGDP,autobus,taxi,passenger_volume,POP,Built_area,Construction_land_area,wage_average,P_road_area,P_baidu_index,baidu_index,province,year,scale,all_area,downtown_area,Construction_land_area_all,Construction_land_area_downtown,road_area_all,road_area_downtown,DMSP_mean,DMSP_sum,VNL_mean,VNL_sum,location_x,location_y
安徽省,省,0.014640164,0.083060863,495.36,39692,22201.75065,62481.35587,13.00326389,1.157407408,2883.063043,3197.851556,56974,13.75,374.7482292,225,安徽省,2015,1,140282,27068,0.022795879,0.118141405,0.197680387,1.024493867,5.154746192,722515,0.874956621,673047.2567,20091.1,3537.94
北京市,直辖市,0.024936984,0.244923853,819.57,113692,106845.9147,313302.1186,22.9094489,0.61720756,6428.098357,6675.862319,113073,7.46,4138.575816,902,北京市,2015,1,16411,16411,0.406791927,0.406791927,0.611114496,0.611114496,19.13341456,314075,4.119195409,411820.6802,19960.9,4464.11
福建省,省,0.015240227,0.109816906,299.69,67649,32649.701,47120.60139,10.18890623,0.938472069,2807.410168,3397.647346,58719,12.18,582.6700349,231,福建省,2015,1,124160,20659,0.027365072,0.164463302,0.105202964,0.632266809,6.290842814,785223,1.052918533,683181.9785,20201.7,2901.36
甘肃省,省,0.013217161,0.094720351,59.1,25946,20712.1624,71590.31907,14.73673916,0.971279325,2781.935454,3051.027362,54454,8.14,609.4140256,154,甘肃省,2015,1,415225,40890,0.007347889,0.074615489,0.015940755,0.161873319,0.627419325,266987,0.232365367,583823.329,18599,4248.99
广东省,省,0.018031613,0.127025015,500.36,64516,61583.04644,43001.51575,8.464593403,0.776421197,4370.855318,4281.072788,66296,13.24,544.7382394,631,广东省,2015,1,179749,49140,0.023816949,0.087119918,0.325604037,1.191025641,9.477327403,1721566,1.724127049,1592670.982,19745.6,2581.02
广西壮族自治区,自治区,0.010773445,0.075946423,231.29,30890,16689.34233,35029.87539,8.667603157,1.151917404,2358.843882,2567.591128,54983,9.73,367.3951533,176,广西壮族自治区,2015,1,238576,44426,0.010762152,0.057794785,0.062399403,0.335096565,1.85732873,441097,0.409771575,496813.6133,19273.9,2637.13
贵州省,省,0.013505729,0.079244262,306.89,28547,14659.41666,39745.35357,21.83367505,0.854720091,1481.378332,1901.147329,62591,7.28,408.9362489,151,贵州省,2015,1,102838,12284,0.018486817,0.154766145,0.050603862,0.423640508,1.779575725,313321,0.390216762,359317.0573,19088.5,2973.54
海南省,省,0.013333195,0.088558357,417.98,39704,26060.33528,54332.23716,11.01849264,0.338933214,2254.096728,4242.380162,58406,9.49,1169.578491,110,海南省,2015,1,7632,4238,0.555867422,1.001033545,0.27672956,0.498348277,5.085349841,189770,0.786273186,168538.4438,19430.7,1970.72
河北省,省,0.022312179,0.146579451,410.16,35994,31397.12399,75176.11636,5.939779009,1.043184341,2028.875689,2476.100976,52409,13.45,509.9459058,374,河北省,2015,1,186535,15675,0.01327419,0.157964975,0.128206503,1.525677831,6.086076661,1147335,0.831418855,946365.0061,19940.2,4388.98
河南省,省,0.015841106,0.098419968,674.15,38338,23702.2154,40413.79179,11.63400711,1.14786768,1977.682996,2442.898547,45920,10.96,364.9357541,353,河南省,2015,1,164696,15914,0.014832774,0.153506255,0.137787196,1.425977127,5.857592912,970568,0.873265656,812075.0584,19742.2,3753.04
黑龙江省,省,0.011836956,0.098571243,93.27,32759,36937.24371,140157.518,9.144496903,1.020413426,4139.011377,5013.331993,51241,10.57,476.3926433,170,黑龙江省,2015,1,390382,72970,0.012842119,0.068704015,0.037517099,0.200712622,1.310781508,593611,0.293408075,920828.676,20769.7,5432.64
湖北省,省,0.015731107,0.085483889,349.67,52021,28527.20274,50731.78988,15.07844389,0.909954336,2470.414612,3507.611587,55237,7.49,456.0237938,266,湖北省,2015,1,151799,24701,0.023106948,0.142002817,0.078235034,0.480790251,2.697817505,501616,0.512624646,518471.6423,19622.4,3429.53
湖南省,省,0.012892697,0.076799708,351.53,43155,25664.42152,38532.92418,18.03495697,1.050476589,2044.443666,2242.53695,53889,13.13,367.4554813,243,湖南省,2015,1,197622,19593,0.011347608,0.114456028,0.09239862,0.931965498,1.952662554,413736,0.395015931,440861.4801,19570.6,3054.39
吉林省,省,0.014930739,0.119407853,165.64,38128,31969.97405,121105.3064,11.04220068,0.931882878,4041.918147,5061.912557,52927,13.49,635.5935316,167,吉林省,2015,1,147792,17381,0.034250247,0.291232527,0.084936938,0.722225419,2.064554126,394367,0.439844732,540146.045,20731.6,4950.15
江苏省,省,0.022316176,0.149542961,728.97,85871,37669.24168,52578.82828,14.43718457,0.930052348,3884.06059,5071.091208,67200,17.21,523.0165362,434,江苏省,2015,1,105875,39385,0.047896965,0.128756918,0.570540732,1.533731116,17.31719133,1794442,2.886272282,1661912.694,20296.7,3679.89
江西省,省,0.012898888,0.075613095,292.46,37436,16176.03561,27553.47067,11.97686973,1.096356413,2349.105709,2746.200502,52137,11.47,457.328272,205,江西省,2015,1,168025,15969,0.016343999,0.171970725,0.081737837,0.86004133,1.791983944,299109,0.337266249,296547.083,19965.6,3063.54
辽宁省,省,0.015483037,0.133970129,287.25,46482,46679.10283,166822.1347,13.86136603,0.972788731,4487.136856,5531.298892,53458,12.47,512.8813526,223,辽宁省,2015,1,147256,18228,0.037562469,0.303450674,0.162017167,1.308865482,5.337822967,790633,0.950123876,871397.5615,20472.6,4636.75
内蒙古自治区,自治区,0.016171003,0.152837045,32.81,52972,27220.3018,121763.1925,4.506853996,0.881211249,4348.539347,4765.802765,57870,22.85,642.2583983,157,内蒙古自治区,2015,1,656579,24129,0.007258537,0.19751348,0.024021481,0.65365328,0.445325385,510342,0.180509408,1341988.168,19676.7,4888.48
宁夏回族自治区,自治区,0.020043708,0.14822065,107.81,37876,44962.51531,189438.7361,12.39919919,0.975181452,6637.183841,5638.669458,62482,19.11,1218.774909,83,宁夏回族自治区,2015,1,61588,17046,0.091554677,0.330791356,0.086429175,0.312272674,3.032418905,157519,0.687149599,208857.7463,19070.6,4136.41
青海省,省,0.018941937,0.135611782,178.19,34883,49020.06862,116912.6902,7.972265937,0.644234023,2150.915962,3000.874689,61868,7.08,1214.226753,70,青海省,2015,1,20821,4048,0.144127308,0.741322799,0.046107296,0.23715415,0.127859872,89070,0.16806539,671655.1799,18133,4055.85
山东省,省,0.020783798,0.153584589,617.85,56205,31419.16509,53399.46689,4.773818205,0.998446721,3454.308829,4481.045709,58197,18.02,416.7941789,410,山东省,2015,1,158971,42533,0.028187819,0.105354565,0.366362418,1.369313239,10.34149031,1632094,1.386403017,1265902.413,20144.1,4050.12
山西省,省,0.017096772,0.133098824,222.91,33593,21070.12538,75709.41063,6.267964964,0.9927764,2554.298604,3062.320216,52960,12.37,658.441418,232,山西省,2015,1,156921,15981,0.019515044,0.191622565,0.077427495,0.76027783,4.166637962,653208,0.68481175,631000.6122,19612.4,4158.05
陕西省,省,0.01629611,0.114197882,190.21,46654,28565.10973,65862.14003,16.01356037,1.022320228,2622.182716,2705.592107,56896,10.58,594.2919078,228,陕西省,2015,1,206196,29163,0.013121458,0.092774821,0.069055656,0.488255666,2.997888427,616168,0.609603988,714666.7972,19303.5,3893.36
上海市,直辖市,0.018245721,0.114611391,2275.67,109186,67131.09555,201364.8602,1.529343088,0.585978809,2622.182716,11841.64749,109279,7.96,1782.744598,439,上海市,2015,1,6341,5155,1.867473188,2.297118814,1.726699259,2.123957323,44.06499188,352564,12.75680028,555252.4891,20501.7,3502.23
四川省,省,0.01526184,0.093925514,434.73,37150,48653.00738,41772.01734,15.18396974,1.028165614,2353.249621,2726.684134,60520,8.29,411.3901523,336,四川省,2015,1,193156,37805,0.014116487,0.072124961,0.119830603,0.612247057,1.28686594,625588,0.295378977,778538.049,18700.2,3418.75
天津市,直辖市,0.015767043,0.190808421,861.79,75868,81024.89011,222733.0227,9.915594393,0.716106891,6066.929546,6066.929546,81486,13.65,1882.840204,270,天津市,2015,1,11917,11917,0.509098728,0.509098728,1.176386674,1.176386674,28.20618642,341041,5.599292205,407219.7242,20047.4,4369.01
西藏自治区,自治区,0.013221238,0.101311933,17.96,31847,14839.54171,50930.77277,2.659514573,0.161921995,4427.435283,4366.36721,110980,44.57,977.0891659,32,西藏自治区,2015,1,29518,519,0.14792219,8.41303894,0.031540077,1.793834297,0.029436056,35391,0.162786034,1070857.157,17316.6,3734.61
新疆维吾尔自治区,自治区,0.013184798,0.125041146,137.99,39520,22153.00906,58879.36047,14.11006973,0.126030536,2131.648562,4955.445959,60914,14.89,590.2373508,139,新疆维吾尔自治区,2015,1,21523,17331,0.230239556,0.285929604,0.200947823,0.249552824,0.425776343,694213,0.23641719,2384522.696,17276.2,4880.8
云南省,省,0.014373216,0.103957319,147.97,32117,15637.71578,26558.78389,9.379194492,0.61914749,1416.926471,2093.186832,55025,12.69,341.3504679,159,云南省,2015,1,194910,21478,0.010739248,0.097457251,0.042178441,0.382763758,1.059342162,405870,0.294881334,582145.5889,18535.2,2796.42
浙江省,省,0.025429851,0.188728938,466.49,73276,37719.51393,48021.81196,15.54591004,0.820769954,3124.205141,4159.992829,67707,14.61,714.1040322,424,浙江省,2015,1,104460,22622,0.039823787,0.18389147,0.251512541,1.161391566,12.66804333,1358825,1.986423858,1138389.717,20391,3264.14
重庆市,直辖市,0.016453472,0.091153348,409.35,52480,28640.62342,48532.67167,18.83070278,1.103171118,4348.113837,3651.237804,62091,7.58,651.0719741,199,重庆市,2015,1,82374,34505,0.044325124,0.105817644,0.195789934,0.46741052,2.884291002,237680,0.538564399,239098.3576,19197.3,3330.13
